City_ID,City,Lat,Lng,Max Temp,Humidity,Cloudiness,Wind Speed,Country,Date
0,port-aux-francais,-49.35,70.2167,5.37,94,100,11.38,TF,1699563906
1,albany,42.6001,-73.9662,9.65,81,100,0.45,US,1699563326
2,soe,-9.8607,124.284,19.05,71,8,1.37,ID,1699563907
3,vila velha,-20.3297,-40.2925,26.97,69,0,8.75,BR,1699563644
4,puerto natales,-51.7236,-72.4875,13.25,38,20,15.43,CL,1699563675
5,vladivostok,43.1056,131.8735,-3.32,63,21,7.8,RU,1699563908
6,blackmans bay,-43.0167,147.3167,15.07,95,31,0.45,AU,1699563908
7,edinburgh of the seven seas,-37.0676,-12.3116,12.72,67,96,5.18,SH,1699563909
8,vadso,70.0744,29.7487,-1.91,86,75,8.75,NO,1699563909
9,adamstown,-25.066,-130.1015,22.64,88,100,7.42,PN,1699563910
10,utrik,11.2278,169.8474,27.7,74,95,10.29,MH,1699563836
11,tiksi,71.6872,128.8694,-16.03,87,100,6.58,RU,1699563882
12,longyearbyen,78.2186,15.6401,-3.09,74,75,7.72,SJ,1699563911
13,hithadhoo,-0.6,73.0833,27.1,80,82,2.97,MV,1699563912
14,georgetown,5.4112,100.3354,25.96,94,20,2.06,MY,1699563811
15,mancio lima,-7.6142,-72.8958,29.04,74,20,3.09,BR,1699563913
16,west island,-12.1568,96.8225,25.99,89,78,5.66,CC,1699563913
17,ushuaia,-54.8,-68.3,10.81,36,75,8.05,AR,1699563914
18,dudinka,69.4058,86.1778,-4.1,90,100,12.52,RU,1699563914
19,yellowknife,62.456,-114.3525,-0.33,97,100,8.75,CA,1699563649
20,ribeira grande,38.5167,-28.7,20.99,94,75,9.39,PT,1699563720
21,sitka,57.0531,-135.33,8.94,76,100,4.63,US,1699563915
22,dhidhdhoo,6.8833,73.1,27.83,74,93,1.4,MV,1699563801
23,hamilton,39.1834,-84.5333,17.18,43,0,5.14,US,1699563867
24,tafuna,-14.3358,-170.72,29.97,89,75,4.63,AS,1699563915
25,iskateley,67.6803,53.1512,0.57,100,100,4.02,RU,1699563916
26,port lincoln,-34.7333,135.8667,21.61,45,26,3.05,AU,1699563917
27,college,64.8569,-147.8028,0.97,88,100,3.6,US,1699563917
28,port elizabeth,-33.918,25.5701,14.06,86,0,0.0,ZA,1699563917
29,wuwei,37.9281,102.6414,-0.37,47,11,1.13,CN,1699563918
30,pelabuhanratu,-6.9875,106.5514,25.65,97,100,1.41,ID,1699563918
31,saint croix,17.7397,-64.7388,25.25,91,40,4.63,VI,1699563918
32,chernyshevsk,52.5243,117.0174,-16.64,94,11,1.41,RU,1699563919
33,san patricio,28.017,-97.5169,29.92,69,100,3.53,US,1699563734
34,patti,31.2808,74.8572,21.04,49,18,2.65,IN,1699563919
35,beipiao,41.7919,120.7792,-6.76,60,0,5.68,CN,1699563920
36,takoradi,4.8845,-1.7554,24.67,93,27,1.64,GH,1699563920
37,volzhsk,55.8664,48.3594,5.92,93,100,4.83,RU,1699563920
38,coquimbo,-29.9533,-71.3436,17.85,77,100,4.63,CL,1699563647
39,northam,51.0333,-4.2167,9.25,91,22,10.72,GB,1699563870
40,ust-nera,64.5667,143.2,-30.58,98,47,1.86,RU,1699563884
41,bethel,41.3712,-73.414,13.34,74,0,1.54,US,1699563922
42,grytviken,-54.2811,-36.5092,1.88,97,97,2.17,GS,1699563923
43,thompson,55.7435,-97.8558,-5.91,73,75,4.12,CA,1699563923
44,zawadzkie,50.605,18.4847,8.56,72,99,4.52,PL,1699563687
45,tralee,52.2704,-9.7026,9.31,87,53,9.45,IE,1699563924
46,waitangi,-43.9535,-176.5597,10.46,73,99,1.79,NZ,1699563924
47,cidreira,-30.1811,-50.2056,17.24,94,100,1.06,BR,1699563925
48,vila franca do campo,37.7167,-25.4333,20.23,99,30,4.98,PT,1699563925
49,lihue,21.9789,-159.3672,28.58,73,52,6.17,US,1699563806
50,new norfolk,-42.7826,147.0587,15.72,74,42,1.24,AU,1699563926
51,saipan,15.1355,145.701,28.39,78,40,5.14,MP,1699563926
52,tashtyp,52.7939,89.8983,-11.95,98,98,0.58,RU,1699563927
53,sandnessjoen,66.0217,12.6316,4.12,60,40,5.14,NO,1699563805
54,cadale,2.7603,46.3222,26.52,87,89,4.71,SO,1699563927
55,badger,64.8,-147.5333,0.93,89,75,3.6,US,1699563894
56,yeniseysk,58.4497,92.1703,-11.7,85,6,3.58,RU,1699563928
57,san rafael,-34.6177,-68.3301,27.18,17,0,3.05,AR,1699563928
58,lompoc,34.6391,-120.4579,26.08,48,0,7.72,US,1699563670
59,suoyarvi,62.0833,32.35,0.16,99,100,1.54,RU,1699563929
60,santyoku,37.4406,129.1708,11.7,87,100,2.19,KR,1699563929
61,tanout,14.9709,8.8879,28.12,13,94,4.85,NE,1699563929
62,bodaybo,57.8506,114.1933,-24.39,100,96,0.53,RU,1699563930
63,san antonio de pale,-1.4014,5.6325,25.8,80,27,6.22,GQ,1699563692
64,bilibino,68.0546,166.4372,-22.78,99,100,0.73,RU,1699563930
65,mahina,-17.5065,-149.489,28.87,65,20,2.06,PF,1699563931
66,bayanhongor,46.7167,100.1167,-14.89,91,100,1.02,MN,1699563931
67,brookings,44.3114,-96.7984,7.25,52,75,9.77,US,1699563827
68,puerto deseado,-47.7503,-65.8938,16.48,34,25,8.03,AR,1699563932
69,buchanan,5.8808,-10.0467,25.7,87,55,2.16,LR,1699563932
70,ha'il,27.5219,41.6907,20.01,42,0,2.06,SA,1699563933
71,iqaluit,63.7506,-68.5145,-1.15,74,75,6.71,CA,1699563793
72,karratha,-20.7377,116.8463,27.19,31,0,5.43,AU,1699563796
73,newman,37.3138,-121.0208,20.19,35,100,0.89,US,1699563933
74,jolo,6.05,121.0167,27.64,75,27,1.51,PH,1699563934
75,sinabang,2.4803,96.3801,25.07,88,100,1.13,ID,1699563934
76,wailua homesteads,22.0669,-159.378,28.24,80,48,4.02,US,1699563710
77,kodiak,57.79,-152.4072,1.73,51,40,2.06,US,1699563881
78,quepos,9.4236,-84.1652,28.87,76,45,1.99,CR,1699563935
79,zelenoborskiy,66.845,32.3622,-9.08,93,85,1.53,RU,1699563935
80,quellon,-43.1167,-73.6167,14.46,53,86,3.11,CL,1699563936
81,mirnyy,62.5353,113.9611,-14.31,77,100,4.92,RU,1699563936
82,bani walid,31.7566,13.9942,17.77,85,37,2.69,LY,1699563936
83,qandala,11.472,49.8728,27.14,61,10,2.41,SO,1699563937
84,birine,35.635,3.225,13.54,43,100,3.35,DZ,1699563937
85,bungu,-7.6337,39.0582,23.0,95,20,1.23,TZ,1699563937
86,lebu,-37.6167,-73.65,12.73,71,23,6.62,CL,1699563938
87,fort bragg,35.139,-79.006,27.58,48,0,2.57,US,1699563771
88,canutama,-6.5339,-64.3831,32.28,53,79,2.09,BR,1699563938
89,owen sound,44.5672,-80.9435,9.62,63,19,7.15,CA,1699563939
90,noumea,-22.2763,166.4572,23.89,99,74,5.14,NC,1699563250
91,piranhas,-16.4269,-51.8222,34.04,33,47,1.26,BR,1699563939
92,juneau,58.3019,-134.4197,6.9,100,100,3.27,US,1699563820
93,bredasdorp,-34.5322,20.0403,14.71,81,0,2.44,ZA,1699563940
94,gamba,-2.65,10.0,25.73,89,100,3.16,GA,1699563940
95,papatowai,-46.5619,169.4708,11.62,41,88,0.45,NZ,1699563940
96,beitbridge,-22.2167,30.0,25.01,45,0,6.04,ZW,1699563941
97,viana do castelo,41.6932,-8.8329,13.68,78,94,4.58,PT,1699563941
98,kavaratti,10.5669,72.642,28.24,75,98,2.89,IN,1699563941
99,dzilam gonzalez,21.2833,-88.9333,28.43,64,96,3.21,MX,1699563942
100,klaksvik,62.2266,-6.589,5.51,84,100,10.23,FO,1699563942
101,avarua,-21.2078,-159.775,26.03,78,20,5.14,CK,1699563942
102,adamus,46.3,24.2333,1.86,68,6,1.44,RO,1699563943
103,international falls,48.6011,-93.411,1.19,86,100,3.09,US,1699563709
104,lesosibirsk,58.2358,92.4828,-11.72,83,8,4.14,RU,1699563943
105,camarinas,43.1311,-9.1817,13.85,76,100,7.61,ES,1699563944
106,devarkonda,16.7,78.9333,23.09,90,70,1.95,IN,1699563944
107,ostersund,63.1792,14.6357,0.34,100,100,5.14,SE,1699563944
108,taoudenni,22.6783,-3.9836,24.25,13,0,4.68,ML,1699563945
109,klyuchi,52.2667,79.1667,4.61,94,90,3.46,RU,1699563945
110,rakops,-21.0167,24.3333,29.42,27,0,1.98,BW,1699563946
111,arraial do cabo,-22.9661,-42.0278,27.98,65,0,7.2,BR,1699563781
112,selfoss,63.9331,-20.9971,-0.53,65,0,4.19,IS,1699563946
113,dunedin,-45.8742,170.5036,9.19,56,100,1.37,NZ,1699563947
114,fale old settlement,-9.3852,-171.2468,28.65,78,81,6.3,TK,1699563696
115,atafu village,-8.5421,-172.5159,28.75,74,100,6.19,TK,1699563947
116,invercargill,-46.4,168.35,11.68,66,16,1.34,NZ,1699563948
117,hadibu,12.65,54.0333,26.16,80,19,4.0,YE,1699563741
118,hasaki,35.7333,140.8333,13.22,67,30,4.63,JP,1699563948
119,rio gallegos,-51.6226,-69.2181,20.03,13,40,9.77,AR,1699563718
120,isafjordur,66.0755,-23.124,2.51,74,92,2.95,IS,1699563949
121,oranjemund,-28.55,16.4333,15.55,87,1,3.48,NA,1699563949
122,cabedelo,-6.9811,-34.8339,27.37,76,4,6.33,BR,1699563726
123,ilulissat,69.2167,-51.1,-3.99,93,75,4.63,GL,1699563950
124,bardai,11.65,7.2333,24.09,22,58,2.69,NG,1699563950
125,chonchi,-42.6128,-73.8092,14.56,56,98,0.79,CL,1699563865
126,alice springs,-23.7,133.8833,23.75,50,84,2.57,AU,1699563757
127,alaghsas,17.0187,8.0168,27.37,12,100,4.32,NE,1699563951
128,charters towers,-20.1,146.2667,21.4,73,5,4.59,AU,1699563951
129,nyurba,63.2842,118.3319,-12.25,95,100,3.39,RU,1699563951
130,port mathurin,-19.6833,63.4167,24.74,78,7,5.84,MU,1699563952
131,puerto ayora,-0.7393,-90.3518,27.98,94,82,5.36,EC,1699563953
132,anadyr,64.75,177.4833,-7.72,85,0,5.0,RU,1699563953
133,penzance,50.1186,-5.5371,10.43,79,41,15.18,GB,1699563953
134,lubartow,51.4603,22.6095,7.24,74,100,6.01,PL,1699563953
135,crane,31.3974,-102.3501,10.97,72,100,5.98,US,1699563954
136,whitehorse,60.7161,-135.0538,5.43,70,75,5.14,CA,1699563946
137,hermanus,-34.4187,19.2345,16.28,73,0,4.38,ZA,1699563765
138,berdigestyakh,62.0989,126.6992,-26.01,100,82,1.37,RU,1699563954
139,mariental,-24.6333,17.9667,26.91,13,0,6.1,NA,1699563955
140,itoman,26.1247,127.6694,26.43,92,75,5.66,JP,1699563955
141,vernal,40.4555,-109.5287,7.03,33,0,1.54,US,1699563937
142,walvis bay,-22.9575,14.5053,16.16,88,66,2.06,NA,1699563956
143,hawaiian paradise park,19.5933,-154.9731,28.35,79,14,0.45,US,1699563717
144,kerikeri,-35.2268,173.9474,17.29,55,67,1.88,NZ,1699563956
145,callaway,30.153,-85.5699,26.03,74,0,5.14,US,1699563956
146,kamen'-rybolov,44.7481,132.0403,-8.05,75,9,4.51,RU,1699563956
147,st. john's,47.5649,-52.7093,3.87,96,100,10.8,CA,1699563957
148,argo,37.6333,22.7333,16.55,81,100,1.62,GR,1699563957
149,kendari,-3.945,122.4989,23.41,94,37,0.99,ID,1699563957
150,constantia,44.1833,28.65,7.61,49,0,2.2,RO,1699563849
151,saint-felicien,48.6501,-72.4491,-4.72,93,100,1.54,CA,1699563694
152,ancud,-41.8697,-73.8203,12.89,64,1,2.86,CL,1699563959
153,nuuk,64.1835,-51.7216,-2.66,68,75,2.57,GL,1699563874
154,talnakh,69.4865,88.3972,-4.33,90,100,8.17,RU,1699563919
155,maloye ganyushkino,46.6,49.2667,12.41,95,100,3.72,KZ,1699563961
156,bubaque,11.2833,-15.8333,28.97,55,100,3.79,GW,1699563961
157,relizane,35.7373,0.556,17.0,47,68,1.66,DZ,1699563807
158,utiel,39.5667,-1.2,8.98,80,95,3.0,ES,1699563965
159,acapulco de juarez,16.8634,-99.8901,30.2,69,15,3.84,MX,1699563957
160,kaintragarh,20.7167,84.5333,19.12,66,4,0.2,IN,1699563965
161,makhambet,47.6667,51.5833,12.85,62,100,8.24,KZ,1699563965
162,remire-montjoly,4.9167,-52.2667,29.02,74,0,3.6,GF,1699563966
163,susuman,62.7833,148.1667,-31.02,99,89,0.39,RU,1699563966
164,tuam,53.5167,-8.85,5.68,88,98,5.34,IE,1699563969
165,nemuro,43.3236,145.575,12.9,88,69,13.5,JP,1699563970
166,antsiranana,-12.2787,49.2917,24.72,87,8,3.78,MG,1699563971
167,qaqortoq,60.7167,-46.0333,-3.64,90,32,2.44,GL,1699563971
168,vilyuchinsk,52.9306,158.4028,-2.82,83,84,2.25,RU,1699563972
169,estavayer-le-lac,46.8488,6.8465,9.35,93,20,3.09,CH,1699563972
170,maintirano,-18.0667,44.0167,26.76,79,86,4.39,MG,1699563973
171,saudarkrokur,65.7461,-19.6394,-2.77,82,93,3.51,IS,1699563754
172,enewetak,11.3474,162.3373,28.36,73,100,8.83,MH,1699563763
173,keflavik,64.0049,-22.5624,3.24,60,0,2.06,IS,1699563973
174,darhan,49.4867,105.9228,-14.43,89,10,1.99,MN,1699563974
175,dzhalagash,45.0833,64.6667,7.59,74,7,2.55,KZ,1699563974
176,kobe,34.6913,135.183,19.38,94,100,3.7,JP,1699563841
177,malango,-2.9627,119.9001,18.0,92,86,1.23,ID,1699563975
178,kavieng,-2.5744,150.7967,27.95,77,100,4.71,PG,1699563975
179,izberbash,42.5696,47.8645,16.72,65,71,13.49,RU,1699563976
180,gisborne,-38.6533,178.0042,12.53,68,81,6.66,NZ,1699563976
181,ribnitz-damgarten,54.25,12.4667,8.96,97,100,1.34,DE,1699563976
182,mariehamn,60.0973,19.9348,7.92,93,100,4.63,AX,1699563977
183,krasnoturansk,54.3186,91.5639,-13.2,79,17,1.79,RU,1699563977
184,baranovichi,53.1327,26.0139,3.79,86,73,4.3,BY,1699563977
185,las varillas,-31.8721,-62.7195,29.07,26,0,6.44,AR,1699563978
186,i-n-salah,27.1935,2.4607,25.71,16,27,6.15,DZ,1699563978
187,mococa,-21.4678,-47.0047,30.48,32,31,3.08,BR,1699563979
188,carnarvon,-24.8667,113.6333,20.36,73,97,10.27,AU,1699563979
189,ankang,32.68,109.0172,12.34,79,96,2.15,CN,1699563918
190,lashio,22.9333,97.75,15.28,99,18,0.54,MM,1699563979
191,vorgashor,67.5833,63.95,-1.1,95,100,5.55,RU,1699563980
192,vershino-darasunskiy,52.35,115.5167,-18.75,96,14,1.78,RU,1699563980
193,las khorey,11.1595,48.1967,27.35,55,5,4.85,SO,1699563981
194,kamyshevatskaya,46.4132,37.9563,9.76,78,6,6.11,RU,1699563981
195,nova sintra,14.8667,-24.7167,22.71,66,93,4.57,CV,1699563982
196,saint-francois,46.4154,3.9054,9.69,83,75,2.57,FR,1699563982
197,santa catarina juquila,16.2333,-97.3,22.19,84,56,1.93,MX,1699563982
198,margaret river,-33.95,115.0667,13.21,67,100,3.61,AU,1699563841
199,westport,41.1415,-73.3579,14.94,73,0,3.09,US,1699563969
200,maragogi,-9.0122,-35.2225,25.34,74,0,3.11,BR,1699563921
201,mata-utu,-13.2816,-176.1745,27.53,85,98,6.27,WF,1699563983
202,verkhnevilyuysk,63.4453,120.3167,-14.91,96,100,2.47,RU,1699563983
203,afaahiti,-17.75,-149.2833,27.93,85,17,7.1,PF,1699563919
204,boali,4.8005,18.1275,23.88,92,100,0.8,CF,1699563984
205,olonkinbyen,70.9221,-8.7187,-2.34,67,90,0.98,SJ,1699563984
206,zarautz,43.2844,-2.1699,13.03,80,100,2.85,ES,1699563984
207,zarzis,33.504,11.1122,21.16,71,87,3.13,TN,1699563985
208,divnomorskoye,44.5011,38.1353,11.77,72,6,3.43,RU,1699563985
209,filipstad,59.7124,14.1683,4.93,99,100,1.35,SE,1699563986
210,andergrove,-21.0833,149.1833,22.03,68,3,2.18,AU,1699563986
211,impfondo,1.6381,18.0667,22.71,98,100,0.88,CG,1699563986
212,shuangyang,43.5242,125.6736,-14.87,95,13,3.69,CN,1699563987
213,jamestown,42.097,-79.2353,8.77,76,75,6.17,US,1699563745
214,melekeok village,7.4957,134.6367,27.31,83,75,4.28,PW,1699563987
215,jining,35.405,116.5814,4.15,39,3,3.98,CN,1699563987
216,cabo san lucas,22.8909,-109.9124,30.28,64,4,0.45,MX,1699563779
217,tabas,33.5959,56.9244,15.12,36,0,2.06,IR,1699563742
218,timimoun,29.2639,0.231,22.21,43,7,6.17,DZ,1699563988
219,harstad,68.799,16.5293,1.2,86,62,4.92,NO,1699563988
220,kanel,15.4916,-13.1763,30.92,16,73,3.94,SN,1699563989
221,callao,-12.0667,-77.15,21.16,68,100,5.66,PE,1699563902
222,behat,30.1667,77.6167,18.21,52,3,2.31,IN,1699563989
223,eraan,9.0629,117.7016,25.78,88,2,1.61,PH,1699563990
224,blair,41.5444,-96.125,16.89,33,40,7.2,US,1699563974
225,mar del plata,-38.0023,-57.5575,18.79,71,0,8.05,AR,1699563833
226,lubang,13.8584,120.124,28.0,78,17,8.13,PH,1699563992
227,colonia,50.9333,6.95,8.1,85,40,4.12,DE,1699563992
228,port alfred,-33.5906,26.891,14.54,95,2,2.84,ZA,1699563993
229,umba,66.6871,34.3429,-4.56,89,95,1.28,RU,1699563993
230,egilsstadir,65.2653,-14.3948,1.95,87,75,6.17,IS,1699563957
231,bac lieu,9.285,105.7244,26.15,88,77,3.12,VN,1699563994
232,gryazi,52.4966,39.9359,6.77,96,100,2.24,RU,1699563855
233,pontes e lacerda,-15.2261,-59.3353,29.65,59,100,1.64,BR,1699563995
234,hafar al-batin,28.4328,45.9708,19.32,34,0,0.0,SA,1699563995
235,tokar,18.4254,37.729,28.79,57,64,6.64,SD,1699563996
236,kolonia town,6.964,158.206,27.0,94,100,1.03,FM,1699563996
237,navia,43.5354,-6.7194,12.42,80,100,4.59,ES,1699563997
238,guanica,17.9716,-66.908,30.59,65,42,5.36,PR,1699563997
239,yur'yevets,57.3201,43.1041,4.16,90,100,4.9,RU,1699563997
240,salekhard,66.53,66.6019,-3.26,98,100,2.83,RU,1699563997
241,lagos,6.5833,3.75,25.27,93,97,1.68,NG,1699563622
242,papao,-17.75,-149.55,28.82,84,15,6.64,PF,1699563998
243,ketchikan,55.3422,-131.6461,7.97,93,100,2.71,US,1699563841
244,opuwo,-18.0607,13.84,23.76,27,10,3.38,NA,1699563998
245,yulinshi,38.2906,109.7494,-1.65,24,99,4.65,CN,1699563814
246,sao jose da coroa grande,-8.8978,-35.1478,25.67,74,0,3.84,BR,1699563999
247,zhashkiv,49.2454,30.1102,6.56,68,67,2.56,UA,1699563999
248,lishu,43.3047,124.3278,-16.54,97,27,3.2,CN,1699564000
249,stavanger,58.9701,5.7333,9.03,70,0,4.12,NO,1699564000
250,sidi ifni,29.3797,-10.173,20.86,61,45,0.94,MA,1699564000
251,nagqu,31.5,92.0,-7.98,63,41,1.63,CN,1699563967
252,hobyo,5.3505,48.5268,26.42,84,100,7.02,SO,1699564001
253,stanley,54.868,-1.6985,6.55,91,89,0.76,GB,1699563869
254,yevlakh,40.6183,47.1501,15.18,51,72,3.26,AZ,1699564001
255,saint-philippe,-21.3585,55.7679,22.77,82,57,3.96,RE,1699563898
256,mount pearl,47.5166,-52.7813,3.41,96,100,10.8,CA,1699563811
257,baardheere,2.3446,42.2764,27.06,79,81,3.02,SO,1699564002
258,borba,-4.3878,-59.5939,36.18,33,19,1.45,BR,1699564002
259,castillos,-34.1667,-53.8333,15.01,59,0,4.55,UY,1699564003
260,portland,45.5234,-122.6762,12.25,82,100,2.24,US,1699563618
261,mountain home,43.133,-115.6912,10.24,48,0,8.23,US,1699563867
262,piti village,13.4626,144.6933,28.49,83,20,5.14,GU,1699564003
263,yashkul',46.1711,45.3435,10.94,74,100,7.85,RU,1699564004
264,katsuren-haebaru,26.3369,127.8719,26.43,96,0,1.54,JP,1699564004
265,gurupa,-1.405,-51.64,33.66,37,90,2.9,BR,1699564004
266,palmer,42.1584,-72.3287,6.07,84,100,2.06,US,1699564005
267,imbituba,-28.24,-48.6703,22.17,96,100,3.25,BR,1699564005
268,micheweni,-4.9667,39.8333,26.15,87,87,3.43,TZ,1699564005
269,fuyuan,46.4333,127.0833,-15.26,99,86,2.83,CN,1699564006
270,fredericton,45.9454,-66.6656,3.79,75,100,1.44,CA,1699564006
271,trevelin,-43.0858,-71.4639,17.69,46,59,2.18,AR,1699564006
272,grain valley,39.015,-94.1986,16.05,33,0,1.54,US,1699564006
273,geraldton,-28.7667,114.6,18.23,63,100,5.66,AU,1699563887
274,coahuayana de hidalgo,18.7,-103.6583,31.23,63,75,2.23,MX,1699564007
275,aasiaat,68.7098,-52.8699,-8.07,93,98,5.18,GL,1699563810
276,sabha,27.0377,14.4283,23.21,24,68,3.86,LY,1699564007
277,la passe,45.5549,-0.8967,12.13,76,100,12.04,FR,1699563956
278,praia da vitoria,38.7333,-27.0667,20.42,96,100,8.73,PT,1699564008
279,punta gorda,26.9298,-82.0454,28.99,68,5,4.47,US,1699563718
280,codrington,-38.2667,141.9667,13.99,76,16,1.71,AU,1699564008
281,dryden,49.7833,-92.7503,1.16,86,100,2.06,CA,1699563793
282,fortuna,40.5982,-124.1573,14.25,77,100,1.14,US,1699564008
283,launceston,-41.45,147.1667,14.53,88,75,2.06,AU,1699563917
284,bijie,27.3125,105.2942,13.29,94,100,1.92,CN,1699564009
285,bismarck,46.8083,-100.7837,2.15,70,100,8.75,US,1699563902
286,punta arenas,-53.15,-70.9167,12.01,37,75,10.29,CL,1699563716
287,tieling,42.2931,123.8414,-17.11,97,9,1.84,CN,1699564009
288,luang namtha,20.9497,101.4011,19.35,92,23,0.46,LA,1699564010
289,cheremushki,52.8356,91.3944,-12.79,95,28,1.91,RU,1699564010
290,cooper's town,26.8667,-77.5167,25.77,74,5,4.26,BS,1699564010
291,petropavlovsk-kamchatsky,53.0452,158.6483,-3.64,73,0,9.39,RU,1699563947
292,tubmanburg,6.8708,-10.8172,24.17,95,100,1.14,LR,1699564011
293,ursulo galvan,22.7333,-98.3,31.4,64,82,3.69,MX,1699564011
294,howard springs,-12.497,131.047,27.95,79,81,0.94,AU,1699563981
295,villa de costa rica,24.5875,-107.3875,31.01,55,10,3.53,MX,1699564012
296,isangel,-19.55,169.2667,26.06,73,75,2.06,VU,1699564012
297,ordynskoye,54.3656,81.8994,-4.38,92,24,3.16,RU,1699564013
298,ystad,55.4297,13.8204,9.41,91,100,8.1,SE,1699564014
299,thunder bay,48.4001,-89.3168,2.99,81,75,4.63,CA,1699563746
300,tefe,-3.3542,-64.7114,30.06,70,40,1.03,BR,1699564014
301,jumla,29.2747,82.1838,4.7,86,8,1.66,NP,1699563802
302,el tarf,36.7672,8.3138,17.87,83,72,1.77,DZ,1699564015
303,mount isa,-20.7333,139.5,20.87,94,100,3.09,AU,1699564015
304,trairi,-3.2778,-39.2689,26.75,75,98,5.85,BR,1699563863
305,ceres,37.5949,-120.9577,20.18,37,0,2.57,US,1699563911
306,puerto baquerizo moreno,-0.9,-89.6,25.55,89,75,7.2,EC,1699564016
307,uvira,-3.4067,29.1458,24.0,78,100,1.71,CD,1699564016
308,uray,60.1247,64.7758,0.49,92,69,2.68,RU,1699564017
309,china,25.7,-99.2333,31.14,46,88,3.67,MX,1699563930
310,ingeniero jacobacci,-41.3427,-69.5448,21.12,22,0,6.71,AR,1699564017
311,selkirk,50.1436,-96.8845,-0.47,90,100,4.92,CA,1699563753
312,rio grande,-32.035,-52.0986,24.06,70,0,5.03,BR,1699564018
313,ulladulla,-35.35,150.4667,18.02,82,3,0.37,AU,1699564018
314,ar ruways,24.1103,52.7306,28.86,61,0,4.41,AE,1699563872
315,yilan,24.757,121.753,25.57,85,2,1.65,TW,1699564018
316,palasa,18.7667,84.4167,21.14,59,1,1.58,IN,1699564019
317,kone,-21.0595,164.8658,23.54,54,100,2.44,NC,1699564019
318,mammoth lakes,37.6485,-118.9721,8.4,19,0,0.45,US,1699564020
319,nichinan,31.6,131.3667,18.92,90,100,1.96,JP,1699564020
320,korsakov,46.6328,142.7813,9.91,92,93,12.09,RU,1699564020
321,shalkar,47.8288,59.6258,7.46,77,100,3.86,KZ,1699564021
322,kingston,17.997,-76.7936,30.69,83,40,10.8,JM,1699563939
323,ust'-kulom,61.6864,53.6902,-1.21,94,43,1.62,RU,1699564021
324,prainha,-1.8,-53.48,33.82,35,8,1.77,BR,1699564022
325,kapa'a,22.0752,-159.319,28.99,77,75,7.2,US,1699564022
326,yung shue wan,22.2333,114.1167,25.9,86,12,4.96,HK,1699564023
327,sosnovskoye,55.8052,43.167,4.76,92,100,6.09,RU,1699564023
328,vilyuysk,63.7553,121.6247,-17.37,96,100,2.31,RU,1699564023
329,severo-yeniseyskiy,60.3725,93.0408,-15.79,96,16,1.34,RU,1699564024
330,chibougamau,49.9168,-74.3659,-7.21,86,100,4.63,CA,1699564024
331,pisco,-13.7,-76.2167,22.03,73,75,8.75,PE,1699564024
332,ingeniero guillermo n. juarez,-23.9,-61.85,33.82,44,60,4.19,AR,1699564025
333,lame,10.4415,9.2396,23.94,25,100,1.39,NG,1699564025
334,bengkulu,-3.8004,102.2655,23.03,95,96,1.45,ID,1699564025
335,prince albert,53.2001,-105.7677,-0.03,80,100,3.6,CA,1699563945
336,pizarro,4.9533,-77.366,27.01,90,70,4.43,CO,1699564026
337,gulf shores,30.246,-87.7008,26.86,63,0,3.6,US,1699564026
338,yamba,-5.9,22.3,20.93,99,100,0.59,CD,1699564026
339,norilsk,69.3535,88.2027,-6.16,87,100,5.74,RU,1699564027
340,lata,40.1629,-8.3327,12.82,89,100,0.78,PT,1699564008
341,szczebrzeszyn,50.695,22.9795,6.45,71,100,6.38,PL,1699564027
342,zayed city,24.3768,54.589,28.89,55,0,3.6,AE,1699564028
343,bahia honda,22.9036,-83.1592,27.9,63,3,4.65,CU,1699564028
344,sur,22.5667,59.5289,26.26,61,0,1.76,OM,1699564028
345,santa eularia des riu,38.9846,1.5341,16.68,80,0,1.03,ES,1699564029
346,daru,-9.0763,143.2092,25.79,69,85,4.53,PG,1699564029
347,namdrik,5.5994,168.1028,27.75,84,100,5.35,MH,1699564029
348,tomatlan,19.9333,-105.25,31.13,62,100,2.32,MX,1699563845
349,taroa,8.7058,171.2275,25.3,96,100,5.47,MH,1699564012
350,yelizovo,53.1873,158.3805,-2.89,71,0,2.0,RU,1699564030
351,srivardhan,18.0333,73.0167,26.09,84,77,1.91,IN,1699564091
352,hammerfest,70.6634,23.6821,0.25,80,40,6.69,NO,1699564091
353,howrah,22.5892,88.3103,22.0,88,0,0.0,IN,1699564091
354,vendas novas,38.6771,-8.4579,12.62,83,93,1.88,PT,1699564092
355,arfoud,31.4348,-4.2375,19.83,19,81,1.87,MA,1699564092
356,antofagasta,-23.65,-70.4,19.6,72,22,2.38,CL,1699563981
357,gizo,-8.103,156.8419,27.64,83,100,8.83,SB,1699563883
358,chilecito,-29.1619,-67.4974,28.11,23,31,6.17,AR,1699564093
359,labrador city,52.9463,-66.9114,-6.98,89,99,2.71,CA,1699564010
360,gwangju,35.1547,126.9156,8.82,79,100,4.18,KR,1699564093
361,cherdyn',60.403,56.4787,2.97,96,100,2.49,RU,1699564093
362,yarmouth,41.7057,-70.2286,10.01,94,100,2.57,US,1699563867
363,vanino,49.0869,140.2543,-1.71,95,100,5.6,RU,1699564094
364,solwezi,-12.1688,26.3894,17.48,92,100,0.84,ZM,1699564094
365,khorixas,-20.3667,14.9667,21.82,29,3,1.35,NA,1699564094
366,weno,7.4515,151.8468,25.97,94,100,5.14,FM,1699563912
367,neiafu,-18.65,-173.9833,27.38,83,75,4.63,TO,1699564095
368,mount gambier,-37.8333,140.7667,13.32,76,72,1.78,AU,1699564095
369,dubrovnik,42.6481,18.0922,12.8,82,0,4.12,HR,1699563938
370,greymouth,-42.4667,171.2,12.35,67,22,1.46,NZ,1699563887
371,rice lake,45.5061,-91.7382,8.13,48,0,7.72,US,1699564096
372,whangarei,-35.7317,174.3239,17.19,57,28,2.15,NZ,1699564096
373,turkmenbasy,40.0222,52.9552,18.43,29,0,6.17,TM,1699564096
374,quelimane,-17.8786,36.8883,24.97,83,75,2.06,MZ,1699564097
375,prien,30.1819,-93.2738,29.01,57,0,4.63,US,1699564097
376,kurayyimah,32.2764,35.5994,23.22,63,75,2.38,JO,1699564097
377,evanston,42.0411,-87.6901,13.69,36,20,8.23,US,1699563877
378,berezovyy,51.6667,135.7,-9.76,91,88,1.79,RU,1699564098
379,pariaman,-0.619,100.12,23.97,94,100,2.59,ID,1699564098
380,as sulayyil,20.4607,45.5779,22.14,33,82,3.63,SA,1699564098
381,nieuw amsterdam,5.8833,-55.0833,34.09,68,20,1.03,SR,1699564098
382,luderitz,-26.6481,15.1594,16.6,79,1,1.95,NA,1699564099
383,moroni,-11.7022,43.2551,26.06,83,49,1.38,KM,1699564099
384,ermelo,-26.5333,29.9833,13.81,85,7,3.45,ZA,1699564099
385,aykhal,66.0,111.5,-11.4,91,100,1.44,RU,1699563835
386,palapag,12.5458,125.1147,25.77,90,36,2.41,PH,1699564100
387,ramadi,33.4226,43.3058,23.19,35,5,3.68,IQ,1699564100
388,patna,25.6,85.1167,20.61,53,0,0.55,IN,1699564100
389,kawambwa,-9.7915,29.0791,19.67,83,100,1.15,ZM,1699564100
390,kristiansund,63.1115,7.732,5.36,65,0,2.06,NO,1699564101
391,palma sola,-23.9634,-64.2987,26.55,53,85,2.04,AR,1699564101
392,beau vallon,-20.4189,57.6953,25.12,82,90,5.35,MU,1699564101
393,dem'yanovo,60.3511,47.0842,0.03,85,95,1.67,RU,1699564102
394,olinda,-8.0089,-34.8553,26.85,74,40,4.12,BR,1699564102
395,bamboo flat,11.7,92.7167,26.05,89,40,1.03,IN,1699564102
396,dickinson,29.4608,-95.0513,26.14,88,100,2.06,US,1699564038
397,alto araguaia,-17.3147,-53.2153,31.81,37,82,3.83,BR,1699564103
398,santana do matos,-5.9575,-36.6556,30.57,42,0,9.84,BR,1699564103
399,tot'ma,59.9747,42.7642,0.44,88,98,1.59,RU,1699564103
400,malabar,-33.9667,151.25,18.96,84,40,2.57,AU,1699563839
401,alamosa,37.4695,-105.87,5.99,49,75,1.54,US,1699564104
402,luimneach,52.6647,-8.6231,8.97,88,48,6.38,IE,1699563813
403,trinidad,-14.8333,-64.9,35.99,44,40,5.14,BO,1699564086
404,banlung,13.7468,107.0045,21.14,97,17,0.91,KH,1699564104
405,springs,-26.25,28.4,20.7,76,19,2.77,ZA,1699564105
406,flying fish cove,-10.4217,105.6791,25.82,88,75,3.09,CX,1699564106
407,tutong,4.8,114.65,25.05,90,100,1.58,BN,1699564106
408,yarmolyntsi,49.1924,26.8373,4.7,75,69,3.88,UA,1699564107
409,chicoana,-25.1009,-65.5331,21.23,72,100,2.75,AR,1699564107
410,carl junction,37.1767,-94.5655,12.31,42,0,4.63,US,1699564107
411,hirara,24.8,125.2833,25.77,83,27,2.89,JP,1699564107
412,santana,-0.0583,-51.1817,32.1,62,40,5.66,BR,1699564108
413,bastia,42.6667,9.3333,13.5,85,75,1.03,FR,1699564108
414,queenstown,-31.8976,26.8753,12.92,90,0,1.45,ZA,1699563856
415,siwa oasis,29.2041,25.5195,23.05,45,99,3.38,EG,1699564109
416,casimiro de abreu,-22.4806,-42.2042,26.56,67,2,1.37,BR,1699564109
417,conde,-7.2597,-34.9075,26.7,78,40,5.14,BR,1699564021
418,weatherford,32.7593,-97.7972,12.66,85,100,1.34,US,1699563840
419,la foa,-21.7108,165.8276,22.17,56,97,1.91,NC,1699564110
420,tura,25.5198,90.2201,17.25,70,0,1.61,IN,1699563824
421,kalmunai,7.4167,81.8167,25.71,84,97,1.92,LK,1699564110
422,sinfra,6.6167,-5.9167,23.07,99,100,1.36,CI,1699564111
423,yaren,-0.5472,166.916,29.12,79,100,7.49,NR,1699563896
424,posto fiscal rolim de moura,-13.0833,-62.2667,33.48,43,89,0.99,BR,1699564111
425,dwarka,22.2394,68.9678,27.69,68,0,4.14,IN,1699563868
426,nowa sol,51.8033,15.717,9.99,58,100,6.18,PL,1699564111
427,kailua-kona,19.6406,-155.9956,30.15,71,40,3.6,US,1699564037
428,dongola,19.1667,30.4833,27.94,39,0,4.9,SD,1699564112
429,minas de marcona,-15.2119,-75.1103,18.15,67,73,3.68,PE,1699564112
430,broken hill,-31.95,141.4333,26.4,34,4,5.72,AU,1699564097
431,tutoia,-2.7619,-42.2744,26.86,80,100,6.21,BR,1699564113
432,pekanbaru,0.5333,101.45,23.18,100,100,0.51,ID,1699564113
433,udachny,66.4167,112.4,-11.97,78,100,1.5,RU,1699563841
434,ta`u,-14.2336,-169.5144,27.58,80,100,4.24,AS,1699563880
435,uturoa,-16.7333,-151.4333,26.42,81,3,6.38,PF,1699564114
436,buka,40.8108,69.1986,9.44,57,22,1.67,UZ,1699564114
437,holualoa,19.6228,-155.9522,28.08,72,40,3.6,US,1699564114
438,cannonvale,-20.2833,148.7,23.66,66,2,4.46,AU,1699564114
439,baymak,52.5933,58.3225,4.87,94,99,2.42,RU,1699564115
440,akureyri,65.6835,-18.0878,1.96,75,75,2.06,IS,1699563821
441,gowurdak,37.8124,66.0466,10.57,46,53,1.15,TM,1699564115
442,khanty-mansiysk,61.0042,69.0019,-1.94,100,75,1.0,RU,1699564116
443,nezhinka,51.7676,55.3694,6.09,93,100,6.0,RU,1699564116
444,ballina,-28.8667,153.5667,20.43,77,97,3.95,AU,1699564116
445,laojunmiao,39.8333,97.7333,0.07,37,100,0.26,CN,1699564116
446,ekibastuz,51.6667,75.3667,7.03,74,40,7.06,KZ,1699564117
447,aden,12.7794,45.0367,27.44,71,11,5.21,YE,1699564117
448,tazovsky,67.4667,78.7,-4.09,87,100,8.51,RU,1699564117
449,bousso,10.4795,16.7117,31.28,27,100,2.09,TD,1699564117
450,kalevala,65.2,31.1667,-7.73,98,95,1.34,RU,1699564118
451,chechelnyk,48.8353,26.6484,5.95,71,51,3.71,UA,1699564118
452,el granada,37.5027,-122.4694,21.37,69,0,5.66,US,1699564118
453,ceelbuur,4.685,46.6176,26.3,76,87,4.78,SO,1699564119
454,broome,42.2506,-75.833,11.48,82,0,6.17,US,1699563996
455,kisangani,0.5167,25.2,21.39,100,98,1.46,CD,1699563887
456,chilca,-12.5211,-76.7372,19.89,80,32,4.19,PE,1699564119
457,paradip garh,20.3167,86.6167,21.85,66,5,2.76,IN,1699564120
458,sigli,5.3848,95.9609,26.03,82,100,1.91,ID,1699564120
459,great bend,38.3645,-98.7648,14.78,23,0,3.09,US,1699563949
460,kegen,43.0197,79.2203,0.07,96,100,1.09,KZ,1699564120
461,winnemucca,40.973,-117.7357,11.03,25,0,2.06,US,1699564049
462,gubkinskiy,64.434,76.5026,-5.49,88,97,8.91,RU,1699564121
463,mhamid,29.82,-5.72,21.67,20,34,2.06,MA,1699564121
464,kangavar,34.5043,47.9653,12.76,40,1,1.54,IR,1699564121
465,tsiombe,-25.3,45.4833,23.13,64,83,3.95,MG,1699564122
466,guerrero negro,27.9769,-114.0611,25.5,35,0,3.95,MX,1699564017
467,palikir - national government center,6.9248,158.1611,28.26,74,86,6.82,FM,1699563850
468,bima,-8.4667,118.7167,24.71,94,50,1.42,ID,1699564122
469,soroti,1.7146,33.6111,22.97,65,100,1.3,UG,1699564123
470,malpica,43.3228,-8.8105,13.09,75,100,6.57,ES,1699564123
471,lautoka,-17.6167,177.4667,27.92,65,75,3.6,FJ,1699564123
472,paita,-5.0892,-81.1144,21.75,72,70,8.31,PE,1699564124
473,pichucalco,17.5167,-93.0667,28.16,80,88,1.49,MX,1699564039
474,porto torres,40.835,8.3972,15.1,86,100,7.52,IT,1699564124
475,arroyo,41.6096,-4.7969,10.08,83,20,5.66,ES,1699564124
476,kourou,5.1552,-52.6478,30.03,78,78,3.72,GF,1699563840
477,nishinoomote,30.7333,131.0,22.78,77,90,5.58,JP,1699563911
478,trondheim,63.4305,10.3951,6.05,73,100,4.73,NO,1699564125
479,kassala,15.451,36.4,24.58,70,100,8.62,SD,1699564125
480,najran,17.4924,44.1277,19.36,31,86,3.28,SA,1699563911
481,manay,7.215,126.5397,25.75,82,22,2.48,PH,1699564126
482,neyshabur,36.2133,58.7958,11.45,44,11,0.86,IR,1699564126
483,acarau,-2.8856,-40.12,26.59,81,96,9.0,BR,1699564126
484,revda,56.801,59.9303,-1.99,97,63,1.39,RU,1699564127
485,nongstoin,25.5167,91.2667,11.66,86,0,1.82,IN,1699564127
486,burang,30.25,81.1667,-3.23,63,24,2.25,CN,1699564128
487,kyzyl-suu,42.3414,78.0056,3.04,94,100,2.24,KG,1699564129
488,tirebolu,41.0069,38.8139,14.58,91,100,5.11,TR,1699564129
489,morant bay,17.8815,-76.4093,30.95,75,18,6.12,JM,1699564130
490,mermoz boabab,14.7065,-17.4758,24.31,55,72,6.94,SN,1699564072
491,battagram,34.6772,73.0233,11.48,93,100,1.76,PK,1699564130
492,laguna,38.421,-121.4238,20.3,40,0,1.54,US,1699564131
493,egersund,58.4513,5.9997,7.83,82,93,7.44,NO,1699564131
494,atherton,53.5237,-2.4935,7.46,95,99,3.71,GB,1699564131
495,mlimba,-8.8,35.8167,25.46,64,86,1.5,TZ,1699564132
496,porbandar,21.6422,69.6093,27.11,62,3,3.71,IN,1699564132
497,tangalle,6.024,80.7911,24.8,89,100,2.2,LK,1699563974
498,pegnitz,49.7564,11.545,8.09,89,100,4.86,DE,1699564133
499,abou el hassan,36.4166,1.1962,15.95,57,83,2.6,DZ,1699564133
500,banda aceh,5.5577,95.3222,26.33,82,100,3.72,ID,1699564133
501,bandarbeyla,9.4942,50.8122,26.46,80,100,7.21,SO,1699564133
502,mokhsogollokh,61.4681,128.9203,-20.65,99,100,1.45,RU,1699564134
503,ammi moussa,35.8678,1.1114,16.88,49,72,1.75,DZ,1699564134
504,grand falls-windsor,48.9332,-55.6649,1.95,92,100,1.79,CA,1699564134
505,jindabyne,-36.4167,148.6333,15.69,67,0,0.93,AU,1699564135
506,lerwick,60.1545,-1.1494,6.0,77,92,3.81,GB,1699564135
507,nelson bay,-32.7167,152.15,18.38,96,90,1.79,AU,1699564135
508,port hedland,-20.3167,118.5667,25.03,94,0,1.54,AU,1699564135
509,conduaga,8.862,117.4893,25.91,84,3,1.46,PH,1699564136
510,nema,57.5067,50.5011,4.41,97,100,2.84,RU,1699564136
511,belyy yar,53.6039,91.3903,-21.06,84,75,0.0,RU,1699564136
512,roses,42.262,3.1769,11.68,83,72,2.24,ES,1699563981
513,porto novo,6.4965,2.6036,26.86,82,88,3.32,BJ,1699564137
514,perechyn,48.7333,22.4667,7.86,90,96,2.37,UA,1699564137
515,pereiaslav-khmelnytskyi,50.0877,31.4795,7.97,75,80,2.29,UA,1699564137
516,alaminos,14.0639,121.2465,24.61,95,17,1.24,PH,1699564138
517,wewak,-3.5534,143.6268,24.9,90,100,2.11,PG,1699564138
518,hami,42.8,93.45,2.06,28,0,0.7,CN,1699564138
519,las terrenas,19.311,-69.5428,28.79,89,75,3.09,DO,1699564138
520,houlton,46.1262,-67.8403,-0.71,78,100,0.0,US,1699563977
521,wenchang,30.904,118.4887,13.23,90,100,7.05,CN,1699564139
522,port-gentil,-0.7193,8.7815,26.44,86,94,6.05,GA,1699564139
523,thinadhoo,0.5333,72.9333,27.16,77,100,2.42,MV,1699564140
524,rongelap,11.1635,166.8941,27.87,79,67,9.91,MH,1699564140
525,gadzhiyevo,69.2551,33.3362,-2.74,87,99,8.66,RU,1699563889
526,alo,7.4178,6.7371,26.89,78,91,1.4,NG,1699563983
527,kenai,60.5544,-151.2583,0.05,90,100,9.26,US,1699564141
528,shakawe,-18.3667,21.85,31.31,20,90,2.77,BW,1699564007
529,naracoorte,-36.9579,140.7383,17.15,42,30,2.8,AU,1699564004
530,boone,39.0334,-92.3335,14.31,38,100,2.0,US,1699564141
531,viet tri,21.3019,105.4308,24.97,93,59,1.75,VN,1699564142
532,tyukhtet,56.5389,89.3011,-11.57,79,2,4.29,RU,1699564142
533,banamba,13.55,-7.45,27.54,22,100,3.29,ML,1699564142
534,qamdo,31.1667,97.2333,-3.97,42,100,0.96,CN,1699564143
535,christchurch,-43.5333,172.6333,14.12,64,100,2.57,NZ,1699563551
536,yallahs,17.8748,-76.5624,31.01,73,16,6.26,JM,1699564143
537,lovington,32.944,-103.3485,10.47,44,100,5.22,US,1699564143
538,alvaraes,-3.2208,-64.8042,29.93,76,63,1.32,BR,1699563922
539,essaouira,31.5125,-9.77,19.52,64,56,9.55,MA,1699564144
540,tommot,58.9564,126.2925,-16.91,92,100,3.14,RU,1699564145
541,rundu,-17.9333,19.7667,29.45,27,86,1.86,NA,1699564145
542,fort st. john,56.2499,-120.8529,1.21,87,100,1.95,CA,1699564146
543,lazaro cardenas,17.9583,-102.2,29.35,74,9,3.58,MX,1699563921
544,island harbour,50.724,-1.2758,9.96,81,43,2.24,GB,1699564146
545,glace bay,46.1969,-59.957,6.25,82,100,6.17,CA,1699564146
546,east london,-33.0153,27.9116,17.21,84,2,2.76,ZA,1699564147
547,crucecita,-28.95,-58.9833,23.65,85,100,5.9,AR,1699564147
548,ormara,25.2088,64.6357,26.98,39,0,4.67,PK,1699564147
549,abeche,13.8292,20.8324,28.11,15,11,4.45,TD,1699564148
550,tambura,5.6,27.4667,23.22,83,37,0.76,SS,1699564148
551,khromtau,50.2503,58.4347,4.32,80,95,4.38,KZ,1699564149
552,ikwiriri,-7.9562,38.9716,23.48,96,42,1.16,TZ,1699564149
553,san francisco de la paz,14.9,-86.2,33.84,60,58,1.19,HN,1699564150
554,fengxiang,47.5833,130.8333,-11.05,91,92,3.04,CN,1699564150
555,anqing,30.5092,117.0506,14.62,87,100,6.56,CN,1699564151
556,vedea,43.7833,25.7833,9.39,54,0,2.22,RO,1699564154
557,new plymouth,-39.0667,174.0833,11.29,60,7,5.36,NZ,1699564154
558,urengoy,65.9667,78.3667,-5.29,88,100,8.48,RU,1699564155
559,at-bashi,41.1702,75.8106,-0.02,95,100,0.72,KG,1699564155
560,puerto colombia,10.9878,-74.9547,30.05,79,53,6.52,CO,1699564156
561,labytnangi,66.6572,66.4183,-4.59,98,100,2.23,RU,1699564156
562,haiku-pauwela,20.9219,-156.3051,30.01,42,20,3.09,US,1699563925
563,kiunga,-6.1219,141.2906,22.74,96,81,1.14,PG,1699564157
564,puerto leguizamo,-0.1934,-74.7819,30.04,65,90,0.95,CO,1699564157
565,kaele,10.1092,14.4508,29.88,21,78,3.08,CM,1699564158
566,juegang,32.3174,121.1855,13.72,72,100,11.26,CN,1699564123
567,dalbandin,28.8947,64.4101,16.61,35,0,1.2,PK,1699564158
568,mufumbwe,-13.6833,24.8,19.66,79,75,2.42,ZM,1699564158
569,cuito,-12.3833,16.9333,17.79,80,99,3.52,AO,1699564159
570,santiago de cao,-7.9589,-79.2392,21.07,78,0,4.63,PE,1699564159
571,saldanha,-33.0117,17.9442,16.03,85,0,5.56,ZA,1699563943
572,markaz-e hukumat-e darweshan,31.1323,64.1934,15.33,33,0,4.11,AF,1699563885
573,ouadda,8.0777,22.4007,21.73,88,88,1.52,CF,1699564160
574,potosi,-19.5836,-65.7531,14.48,41,75,6.17,BO,1699564160
575,usinsk,65.9939,57.5281,-1.63,97,99,5.81,RU,1699564160
576,ubari,26.5921,12.7805,22.37,24,2,3.57,LY,1699564161
577,inarajan village,13.2736,144.7484,28.54,87,100,8.16,GU,1699564161
578,sake,-1.5736,29.045,17.99,96,100,0.62,CD,1699564162
579,ugoofaaru,5.6667,73.0,27.35,77,100,0.64,MV,1699564162
580,puerto lempira,15.2667,-83.7667,29.06,73,71,3.77,HN,1699564162
581,sovetsk,55.0839,21.8785,7.45,74,100,6.31,RU,1699564163
582,al mahwit,15.4701,43.5448,15.98,63,95,0.55,YE,1699564164
583,glendive,47.1053,-104.7125,2.79,64,75,7.2,US,1699564164
584,ar rutbah,33.0381,40.2848,20.9,27,7,4.25,IQ,1699564164
585,ertil',51.8406,40.8056,6.04,81,100,9.43,RU,1699564165
586,semirara,12.0697,121.3986,28.1,77,4,8.41,PH,1699564165
587,morehead city,34.7229,-76.726,24.45,79,0,7.2,US,1699563940
588,patnongon,10.9132,121.9937,26.33,77,2,1.74,PH,1699564166
589,puerto cabezas,14.0351,-83.3888,28.8,79,47,4.72,NI,1699564166
590,mossel bay,-34.1831,22.146,16.02,79,1,3.7,ZA,1699564166
591,lakota,5.8528,-5.6883,23.13,99,100,1.17,CI,1699564167
592,burutu,5.3509,5.5076,26.11,87,99,2.41,NG,1699564167
593,alofi,-19.0595,-169.9187,24.33,93,98,7.09,NU,1699564167
594,nis,43.7031,7.2661,12.45,84,75,2.57,FR,1699564020
595,tanjung pandan,-2.75,107.65,25.36,84,30,1.67,ID,1699564168
596,pirgaaj,25.8604,88.3635,18.94,61,0,1.77,BD,1699564168
597,san pedro de cajas,-11.2511,-75.8617,8.39,75,97,3.84,PE,1699564169
598,arendal,58.4615,8.7725,3.89,88,100,3.02,NO,1699564169
599,yichang,30.7144,111.2847,14.32,81,100,1.35,CN,1699564170
600,arkhangel'sk,64.5401,40.5433,-5.49,97,100,0.78,RU,1699564170
601,port saint john's,-31.6229,29.5448,18.27,84,62,1.5,ZA,1699564170
602,porto velho,-8.7619,-63.9039,35.03,41,20,1.03,BR,1699563933
603,prado,-17.3411,-39.2208,24.35,79,0,3.83,BR,1699564171
